----	INSERT expresion_artistica	----
INSERT INTO expresion_artistica  (idexpresionartistica, descripcion) VALUES (1, 'FOTOGRAFIA');
INSERT INTO expresion_artistica  (idexpresionartistica, descripcion) VALUES (2, 'CINE');
INSERT INTO expresion_artistica  (idexpresionartistica, descripcion) VALUES (3, 'MURALISMO');
INSERT INTO expresion_artistica  (idexpresionartistica, descripcion) VALUES (4, 'VIDEO ARTE');
INSERT INTO expresion_artistica  (idexpresionartistica, descripcion) VALUES (5, 'DANZA');

----	INSERT caracteristica	----
INSERT INTO caracteristica  (idcaracteristica, nombre) VALUES (1, 'DURABILIDAD');
INSERT INTO caracteristica  (idcaracteristica, nombre) VALUES (2, 'CONCEPTO');
INSERT INTO caracteristica  (idcaracteristica, nombre) VALUES (3, 'CONSIDERA QUÉ');
INSERT INTO caracteristica  (idcaracteristica, nombre) VALUES (4, 'LO IMPORTANTE ES');

----	INSERT valor_caracteristica_obra	----
INSERT INTO valor_caracteristica_obra  (idvalorcaracteristicaobra, descripcioncaracteristica, idcaracteristica) VALUES (1, 'PERMANENTE', 1);
INSERT INTO valor_caracteristica_obra  (idvalorcaracteristicaobra, descripcioncaracteristica, idcaracteristica) VALUES (2, 'OBRA EFÍMERA', 1);
INSERT INTO valor_caracteristica_obra  (idvalorcaracteristicaobra, descripcioncaracteristica, idcaracteristica) VALUES (3, 'TEMPORAL (Mayor de 2 años menos de 15 años)', 1);
INSERT INTO valor_caracteristica_obra  (idvalorcaracteristicaobra, descripcioncaracteristica, idcaracteristica) VALUES (4, 'COYUNTURA ACTUAL DEL PAÍS O LA CIUDAD', 2);
INSERT INTO valor_caracteristica_obra  (idvalorcaracteristicaobra, descripcioncaracteristica, idcaracteristica) VALUES (5, 'MEMORIA HISTÓRICA', 2);
INSERT INTO valor_caracteristica_obra  (idvalorcaracteristicaobra, descripcioncaracteristica, idcaracteristica) VALUES (6, 'VIDA', 2);
INSERT INTO valor_caracteristica_obra  (idvalorcaracteristicaobra, descripcioncaracteristica, idcaracteristica) VALUES (7, 'MUERTE', 2);
INSERT INTO valor_caracteristica_obra  (idvalorcaracteristicaobra, descripcioncaracteristica, idcaracteristica) VALUES (8, 'AMOR', 2);
INSERT INTO valor_caracteristica_obra  (idvalorcaracteristicaobra, descripcioncaracteristica, idcaracteristica) VALUES (9, 'ODIO', 2);
---- INSERT INTO valor_caracteristica_obra  (idvalorcaracteristicaobra, descripcioncaracteristica, idcaracteristica) VALUES (10, '', 3);
---- INSERT INTO valor_caracteristica_obra  (idvalorcaracteristicaobra, descripcioncaracteristica, idcaracteristica) VALUES (11, '', 3);
---- INSERT INTO valor_caracteristica_obra  (idvalorcaracteristicaobra, descripcioncaracteristica, idcaracteristica) VALUES (12, '', 3);
---- INSERT INTO valor_caracteristica_obra  (idvalorcaracteristicaobra, descripcioncaracteristica, idcaracteristica) VALUES (13, '', 3);
---- INSERT INTO valor_caracteristica_obra  (idvalorcaracteristicaobra, descripcioncaracteristica, idcaracteristica) VALUES (14, '', 3);
---- INSERT INTO valor_caracteristica_obra  (idvalorcaracteristicaobra, descripcioncaracteristica, idcaracteristica) VALUES (15, '', 3);
---- INSERT INTO valor_caracteristica_obra  (idvalorcaracteristicaobra, descripcioncaracteristica, idcaracteristica) VALUES (16, '', 3);

----	INSERT estado	----
INSERT INTO estado (idestado, nombreestado, descestado) VALUES (1, 'APROBADA', 'la comunidad aprobo la obra');
INSERT INTO estado (idestado, nombreestado, descestado) VALUES (2, 'EN CURADORIA', 'la obra fue subida y esta en proceso de curaduria');
INSERT INTO estado (idestado, nombreestado, descestado) VALUES (3, 'DESAPROBADA', 'la comunidad no aprobo la obra');
INSERT INTO estado (idestado, nombreestado, descestado) VALUES (4, 'INCOMPLETA', 'la obra no se ha sido subida por el usuario');

----	INSERT rol	----
INSERT INTO rol (idrol, descripcion) VALUES (1, 'ADMINISTRADOR');

----	INSERT pais	----
INSERT INTO pais (idpais, abreviatura, nombre) VALUES (1, 'AF', 'Afganistán');
INSERT INTO pais (idpais, abreviatura, nombre) VALUES (2, 'AX', 'Islas Gland');
INSERT INTO pais (idpais, abreviatura, nombre) VALUES (3, 'AL', 'Albania');
INSERT INTO pais (idpais, abreviatura, nombre) VALUES (4, 'DE', 'Alemania');
INSERT INTO pais (idpais, abreviatura, nombre) VALUES (5, 'AD', 'Andorra');
INSERT INTO pais (idpais, abreviatura, nombre) VALUES (6, 'AO', 'Angola');
INSERT INTO pais (idpais, abreviatura, nombre) VALUES (7, 'AI', 'Anguilla');
INSERT INTO pais (idpais, abreviatura, nombre) VALUES (8, 'AQ', 'Antártida');
INSERT INTO pais (idpais, abreviatura, nombre) VALUES (9, 'AG', 'Antigua y Barbuda');
INSERT INTO pais (idpais, abreviatura, nombre) VALUES (10, 'AN', 'Antillas Holandesas');
INSERT INTO pais (idpais, abreviatura, nombre) VALUES (11, 'SA', 'Arabia Saudí');
INSERT INTO pais (idpais, abreviatura, nombre) VALUES (12, 'DZ', 'Argelia');
INSERT INTO pais (idpais, abreviatura, nombre) VALUES (13, 'AR', 'Argentina');
INSERT INTO pais (idpais, abreviatura, nombre) VALUES (14, 'AM', 'Armenia');
INSERT INTO pais (idpais, abreviatura, nombre) VALUES (15, 'AW', 'Aruba');
INSERT INTO pais (idpais, abreviatura, nombre) VALUES (16, 'AU', 'Australia');
INSERT INTO pais (idpais, abreviatura, nombre) VALUES (17, 'AT', 'Austria');
INSERT INTO pais (idpais, abreviatura, nombre) VALUES (18, 'AZ', 'Azerbaiyán');
INSERT INTO pais (idpais, abreviatura, nombre) VALUES (19, 'BS', 'Bahamas');
INSERT INTO pais (idpais, abreviatura, nombre) VALUES (20, 'BH', 'Bahréin');
INSERT INTO pais (idpais, abreviatura, nombre) VALUES (21, 'BD', 'Bangladesh');
INSERT INTO pais (idpais, abreviatura, nombre) VALUES (22, 'BB', 'Barbados');
INSERT INTO pais (idpais, abreviatura, nombre) VALUES (23, 'BY', 'Bielorrusia');
INSERT INTO pais (idpais, abreviatura, nombre) VALUES (24, 'BE', 'Bélgica');
INSERT INTO pais (idpais, abreviatura, nombre) VALUES (25, 'BZ', 'Belice');
INSERT INTO pais (idpais, abreviatura, nombre) VALUES (26, 'BJ', 'Benin');
INSERT INTO pais (idpais, abreviatura, nombre) VALUES (27, 'BM', 'Bermudas');
INSERT INTO pais (idpais, abreviatura, nombre) VALUES (28, 'BT', 'Bhután');
INSERT INTO pais (idpais, abreviatura, nombre) VALUES (29, 'BO', 'Bolivia');
INSERT INTO pais (idpais, abreviatura, nombre) VALUES (30, 'BA', 'Bosnia y Herzegovina');
INSERT INTO pais (idpais, abreviatura, nombre) VALUES (31, 'BW', 'Botsuana');
INSERT INTO pais (idpais, abreviatura, nombre) VALUES (32, 'BV', 'Isla Bouvet');
INSERT INTO pais (idpais, abreviatura, nombre) VALUES (33, 'BR', 'Brasil');
INSERT INTO pais (idpais, abreviatura, nombre) VALUES (34, 'BN', 'Brunéi');
INSERT INTO pais (idpais, abreviatura, nombre) VALUES (35, 'BG', 'Bulgaria');
INSERT INTO pais (idpais, abreviatura, nombre) VALUES (36, 'BF', 'Burkina Faso');
INSERT INTO pais (idpais, abreviatura, nombre) VALUES (37, 'BI', 'Burundi');
INSERT INTO pais (idpais, abreviatura, nombre) VALUES (38, 'CV', 'Cabo Verde');
INSERT INTO pais (idpais, abreviatura, nombre) VALUES (39, 'KY', 'Islas Caimán');
INSERT INTO pais (idpais, abreviatura, nombre) VALUES (40, 'KH', 'Camboya');
INSERT INTO pais (idpais, abreviatura, nombre) VALUES (41, 'CM', 'Camerún');
INSERT INTO pais (idpais, abreviatura, nombre) VALUES (42, 'CA', 'Canadá');
INSERT INTO pais (idpais, abreviatura, nombre) VALUES (43, 'CF', 'República Centroafricana');
INSERT INTO pais (idpais, abreviatura, nombre) VALUES (44, 'TD', 'Chad');
INSERT INTO pais (idpais, abreviatura, nombre) VALUES (45, 'CZ', 'República Checa');
INSERT INTO pais (idpais, abreviatura, nombre) VALUES (46, 'CL', 'Chile');
INSERT INTO pais (idpais, abreviatura, nombre) VALUES (47, 'CN', 'China');
INSERT INTO pais (idpais, abreviatura, nombre) VALUES (48, 'CY', 'Chipre');
INSERT INTO pais (idpais, abreviatura, nombre) VALUES (49, 'CX', 'Isla de Navidad');
INSERT INTO pais (idpais, abreviatura, nombre) VALUES (50, 'VA', 'Ciudad del Vaticano');
INSERT INTO pais (idpais, abreviatura, nombre) VALUES (51, 'CC', 'Islas Cocos');
INSERT INTO pais (idpais, abreviatura, nombre) VALUES (52, 'CO', 'Colombia');
INSERT INTO pais (idpais, abreviatura, nombre) VALUES (53, 'KM', 'Comoras');
INSERT INTO pais (idpais, abreviatura, nombre) VALUES (54, 'CD', 'República Democrática del Congo');
INSERT INTO pais (idpais, abreviatura, nombre) VALUES (55, 'CG', 'Congo');
INSERT INTO pais (idpais, abreviatura, nombre) VALUES (56, 'CK', 'Islas Cook');
INSERT INTO pais (idpais, abreviatura, nombre) VALUES (57, 'KP', 'Corea del Norte');
INSERT INTO pais (idpais, abreviatura, nombre) VALUES (58, 'KR', 'Corea del Sur');
INSERT INTO pais (idpais, abreviatura, nombre) VALUES (59, 'CI', 'Costa de Marfil');
INSERT INTO pais (idpais, abreviatura, nombre) VALUES (60, 'CR', 'Costa Rica');
INSERT INTO pais (idpais, abreviatura, nombre) VALUES (61, 'HR', 'Croacia');
INSERT INTO pais (idpais, abreviatura, nombre) VALUES (62, 'CU', 'Cuba');
INSERT INTO pais (idpais, abreviatura, nombre) VALUES (63, 'DK', 'Dinamarca');
INSERT INTO pais (idpais, abreviatura, nombre) VALUES (64, 'DM', 'Dominica');
INSERT INTO pais (idpais, abreviatura, nombre) VALUES (65, 'DO', 'República Dominicana');
INSERT INTO pais (idpais, abreviatura, nombre) VALUES (66, 'EC', 'Ecuador');
INSERT INTO pais (idpais, abreviatura, nombre) VALUES (67, 'EG', 'Egipto');
INSERT INTO pais (idpais, abreviatura, nombre) VALUES (68, 'SV', 'El Salvador');
INSERT INTO pais (idpais, abreviatura, nombre) VALUES (69, 'AE', 'Emiratos Árabes Unidos');
INSERT INTO pais (idpais, abreviatura, nombre) VALUES (70, 'ER', 'Eritrea');
INSERT INTO pais (idpais, abreviatura, nombre) VALUES (71, 'SK', 'Eslovaquia');
INSERT INTO pais (idpais, abreviatura, nombre) VALUES (72, 'SI', 'Eslovenia');
INSERT INTO pais (idpais, abreviatura, nombre) VALUES (73, 'ES', 'España');
INSERT INTO pais (idpais, abreviatura, nombre) VALUES (74, 'UM', 'Islas ultramarinas de Estados Unidos');
INSERT INTO pais (idpais, abreviatura, nombre) VALUES (75, 'US', 'Estados Unidos');
INSERT INTO pais (idpais, abreviatura, nombre) VALUES (76, 'EE', 'Estonia');
INSERT INTO pais (idpais, abreviatura, nombre) VALUES (77, 'ET', 'Etiopía');
INSERT INTO pais (idpais, abreviatura, nombre) VALUES (78, 'FO', 'Islas Feroe');
INSERT INTO pais (idpais, abreviatura, nombre) VALUES (79, 'PH', 'Filipinas');
INSERT INTO pais (idpais, abreviatura, nombre) VALUES (80, 'FI', 'Finlandia');
INSERT INTO pais (idpais, abreviatura, nombre) VALUES (81, 'FJ', 'Fiyi');
INSERT INTO pais (idpais, abreviatura, nombre) VALUES (82, 'FR', 'Francia');
INSERT INTO pais (idpais, abreviatura, nombre) VALUES (83, 'GA', 'Gabón');
INSERT INTO pais (idpais, abreviatura, nombre) VALUES (84, 'GM', 'Gambia');
INSERT INTO pais (idpais, abreviatura, nombre) VALUES (85, 'GE', 'Georgia');
INSERT INTO pais (idpais, abreviatura, nombre) VALUES (86, 'GS', 'Islas Georgias del Sur y Sandwich del Sur');
INSERT INTO pais (idpais, abreviatura, nombre) VALUES (87, 'GH', 'Ghana');
INSERT INTO pais (idpais, abreviatura, nombre) VALUES (88, 'GI', 'Gibraltar');
INSERT INTO pais (idpais, abreviatura, nombre) VALUES (89, 'GD', 'Granada');
INSERT INTO pais (idpais, abreviatura, nombre) VALUES (90, 'GR', 'Grecia');
INSERT INTO pais (idpais, abreviatura, nombre) VALUES (91, 'GL', 'Groenlandia');
INSERT INTO pais (idpais, abreviatura, nombre) VALUES (92, 'GP', 'Guadalupe');
INSERT INTO pais (idpais, abreviatura, nombre) VALUES (93, 'GU', 'Guam');
INSERT INTO pais (idpais, abreviatura, nombre) VALUES (94, 'GT', 'Guatemala');
INSERT INTO pais (idpais, abreviatura, nombre) VALUES (95, 'GF', 'Guayana Francesa');
INSERT INTO pais (idpais, abreviatura, nombre) VALUES (96, 'GN', 'Guinea');
INSERT INTO pais (idpais, abreviatura, nombre) VALUES (97, 'GQ', 'Guinea Ecuatorial');
INSERT INTO pais (idpais, abreviatura, nombre) VALUES (98, 'GW', 'Guinea-Bissau');
INSERT INTO pais (idpais, abreviatura, nombre) VALUES (99, 'GY', 'Guyana');
INSERT INTO pais (idpais, abreviatura, nombre) VALUES (100, 'HT', 'Haití');
INSERT INTO pais (idpais, abreviatura, nombre) VALUES (101, 'HM', 'Islas Heard y McDonald');
INSERT INTO pais (idpais, abreviatura, nombre) VALUES (102, 'HN', 'Honduras');
INSERT INTO pais (idpais, abreviatura, nombre) VALUES (103, 'HK', 'Hong Kong');
INSERT INTO pais (idpais, abreviatura, nombre) VALUES (104, 'HU', 'Hungría');
INSERT INTO pais (idpais, abreviatura, nombre) VALUES (105, 'IN', 'India');
INSERT INTO pais (idpais, abreviatura, nombre) VALUES (106, 'ID', 'Indonesia');
INSERT INTO pais (idpais, abreviatura, nombre) VALUES (107, 'IR', 'Irán');
INSERT INTO pais (idpais, abreviatura, nombre) VALUES (108, 'IQ', 'Iraq');
INSERT INTO pais (idpais, abreviatura, nombre) VALUES (109, 'IE', 'Irlanda');
INSERT INTO pais (idpais, abreviatura, nombre) VALUES (110, 'IS', 'Islandia');
INSERT INTO pais (idpais, abreviatura, nombre) VALUES (111, 'IL', 'Israel');
INSERT INTO pais (idpais, abreviatura, nombre) VALUES (112, 'IT', 'Italia');
INSERT INTO pais (idpais, abreviatura, nombre) VALUES (113, 'JM', 'Jamaica');
INSERT INTO pais (idpais, abreviatura, nombre) VALUES (114, 'JP', 'Japón');
INSERT INTO pais (idpais, abreviatura, nombre) VALUES (115, 'JO', 'Jordania');
INSERT INTO pais (idpais, abreviatura, nombre) VALUES (116, 'KZ', 'Kazajstán');
INSERT INTO pais (idpais, abreviatura, nombre) VALUES (117, 'KE', 'Kenia');
INSERT INTO pais (idpais, abreviatura, nombre) VALUES (118, 'KG', 'Kirguistán');
INSERT INTO pais (idpais, abreviatura, nombre) VALUES (119, 'KI', 'Kiribati');
INSERT INTO pais (idpais, abreviatura, nombre) VALUES (120, 'KW', 'Kuwait');
INSERT INTO pais (idpais, abreviatura, nombre) VALUES (121, 'LA', 'Laos');
INSERT INTO pais (idpais, abreviatura, nombre) VALUES (122, 'LS', 'Lesotho');
INSERT INTO pais (idpais, abreviatura, nombre) VALUES (123, 'LV', 'Letonia');
INSERT INTO pais (idpais, abreviatura, nombre) VALUES (124, 'LB', 'Líbano');
INSERT INTO pais (idpais, abreviatura, nombre) VALUES (125, 'LR', 'Liberia');
INSERT INTO pais (idpais, abreviatura, nombre) VALUES (126, 'LY', 'Libia');
INSERT INTO pais (idpais, abreviatura, nombre) VALUES (127, 'LI', 'Liechtenstein');
INSERT INTO pais (idpais, abreviatura, nombre) VALUES (128, 'LT', 'Lituania');
INSERT INTO pais (idpais, abreviatura, nombre) VALUES (129, 'LU', 'Luxemburgo');
INSERT INTO pais (idpais, abreviatura, nombre) VALUES (130, 'MO', 'Macao');
INSERT INTO pais (idpais, abreviatura, nombre) VALUES (131, 'MK', 'ARY Macedonia');
INSERT INTO pais (idpais, abreviatura, nombre) VALUES (132, 'MG', 'Madagascar');
INSERT INTO pais (idpais, abreviatura, nombre) VALUES (133, 'MY', 'Malasia');
INSERT INTO pais (idpais, abreviatura, nombre) VALUES (134, 'MW', 'Malawi');
INSERT INTO pais (idpais, abreviatura, nombre) VALUES (135, 'MV', 'Maldivas');
INSERT INTO pais (idpais, abreviatura, nombre) VALUES (136, 'ML', 'Malí');
INSERT INTO pais (idpais, abreviatura, nombre) VALUES (137, 'MT', 'Malta');
INSERT INTO pais (idpais, abreviatura, nombre) VALUES (138, 'FK', 'Islas Malvinas');
INSERT INTO pais (idpais, abreviatura, nombre) VALUES (139, 'MP', 'Islas Marianas del Norte');
INSERT INTO pais (idpais, abreviatura, nombre) VALUES (140, 'MA', 'Marruecos');
INSERT INTO pais (idpais, abreviatura, nombre) VALUES (141, 'MH', 'Islas Marshall');
INSERT INTO pais (idpais, abreviatura, nombre) VALUES (142, 'MQ', 'Martinica');
INSERT INTO pais (idpais, abreviatura, nombre) VALUES (143, 'MU', 'Mauricio');
INSERT INTO pais (idpais, abreviatura, nombre) VALUES (144, 'MR', 'Mauritania');
INSERT INTO pais (idpais, abreviatura, nombre) VALUES (145, 'YT', 'Mayotte');
INSERT INTO pais (idpais, abreviatura, nombre) VALUES (146, 'MX', 'México');
INSERT INTO pais (idpais, abreviatura, nombre) VALUES (147, 'FM', 'Micronesia');
INSERT INTO pais (idpais, abreviatura, nombre) VALUES (148, 'MD', 'Moldavia');
INSERT INTO pais (idpais, abreviatura, nombre) VALUES (149, 'MC', 'Mónaco');
INSERT INTO pais (idpais, abreviatura, nombre) VALUES (150, 'MN', 'Mongolia');
INSERT INTO pais (idpais, abreviatura, nombre) VALUES (151, 'MS', 'Montserrat');
INSERT INTO pais (idpais, abreviatura, nombre) VALUES (152, 'MZ', 'Mozambique');
INSERT INTO pais (idpais, abreviatura, nombre) VALUES (153, 'MM', 'Myanmar');
INSERT INTO pais (idpais, abreviatura, nombre) VALUES (154, 'NA', 'Namibia');
INSERT INTO pais (idpais, abreviatura, nombre) VALUES (155, 'NR', 'Nauru');
INSERT INTO pais (idpais, abreviatura, nombre) VALUES (156, 'NP', 'Nepal');
INSERT INTO pais (idpais, abreviatura, nombre) VALUES (157, 'NI', 'Nicaragua');
INSERT INTO pais (idpais, abreviatura, nombre) VALUES (158, 'NE', 'Níger');
INSERT INTO pais (idpais, abreviatura, nombre) VALUES (159, 'NG', 'Nigeria');
INSERT INTO pais (idpais, abreviatura, nombre) VALUES (160, 'NU', 'Niue');
INSERT INTO pais (idpais, abreviatura, nombre) VALUES (161, 'NF', 'Isla Norfolk');
INSERT INTO pais (idpais, abreviatura, nombre) VALUES (162, 'NO', 'Noruega');
INSERT INTO pais (idpais, abreviatura, nombre) VALUES (163, 'NC', 'Nueva Caledonia');
INSERT INTO pais (idpais, abreviatura, nombre) VALUES (164, 'NZ', 'Nueva Zelanda');
INSERT INTO pais (idpais, abreviatura, nombre) VALUES (165, 'OM', 'Omán');
INSERT INTO pais (idpais, abreviatura, nombre) VALUES (166, 'NL', 'Países Bajos');
INSERT INTO pais (idpais, abreviatura, nombre) VALUES (167, 'PK', 'Pakistán');
INSERT INTO pais (idpais, abreviatura, nombre) VALUES (168, 'PW', 'Palau');
INSERT INTO pais (idpais, abreviatura, nombre) VALUES (169, 'PS', 'Palestina');
INSERT INTO pais (idpais, abreviatura, nombre) VALUES (170, 'PA', 'Panamá');
INSERT INTO pais (idpais, abreviatura, nombre) VALUES (171, 'PG', 'Papúa Nueva Guinea');
INSERT INTO pais (idpais, abreviatura, nombre) VALUES (172, 'PY', 'Paraguay');
INSERT INTO pais (idpais, abreviatura, nombre) VALUES (173, 'PE', 'Perú');
INSERT INTO pais (idpais, abreviatura, nombre) VALUES (174, 'PN', 'Islas Pitcairn');
INSERT INTO pais (idpais, abreviatura, nombre) VALUES (175, 'PF', 'Polinesia Francesa');
INSERT INTO pais (idpais, abreviatura, nombre) VALUES (176, 'PL', 'Polonia');
INSERT INTO pais (idpais, abreviatura, nombre) VALUES (177, 'PT', 'Portugal');
INSERT INTO pais (idpais, abreviatura, nombre) VALUES (178, 'PR', 'Puerto Rico');
INSERT INTO pais (idpais, abreviatura, nombre) VALUES (179, 'QA', 'Qatar');
INSERT INTO pais (idpais, abreviatura, nombre) VALUES (180, 'GB', 'Reino Unido');
INSERT INTO pais (idpais, abreviatura, nombre) VALUES (181, 'RE', 'Reunión');
INSERT INTO pais (idpais, abreviatura, nombre) VALUES (182, 'RW', 'Ruanda');
INSERT INTO pais (idpais, abreviatura, nombre) VALUES (183, 'RO', 'Rumania');
INSERT INTO pais (idpais, abreviatura, nombre) VALUES (184, 'RU', 'Rusia');
INSERT INTO pais (idpais, abreviatura, nombre) VALUES (185, 'EH', 'Sahara Occidental');
INSERT INTO pais (idpais, abreviatura, nombre) VALUES (186, 'SB', 'Islas Salomón');
INSERT INTO pais (idpais, abreviatura, nombre) VALUES (187, 'WS', 'Samoa');
INSERT INTO pais (idpais, abreviatura, nombre) VALUES (188, 'AS', 'Samoa Americana');
INSERT INTO pais (idpais, abreviatura, nombre) VALUES (189, 'KN', 'San Cristóbal y Nevis');
INSERT INTO pais (idpais, abreviatura, nombre) VALUES (190, 'SM', 'San Marino');
INSERT INTO pais (idpais, abreviatura, nombre) VALUES (191, 'PM', 'San Pedro y Miquelón');
INSERT INTO pais (idpais, abreviatura, nombre) VALUES (192, 'VC', 'San Vicente y las Granadinas');
INSERT INTO pais (idpais, abreviatura, nombre) VALUES (193, 'SH', 'Santa Helena');
INSERT INTO pais (idpais, abreviatura, nombre) VALUES (194, 'LC', 'Santa Lucía');
INSERT INTO pais (idpais, abreviatura, nombre) VALUES (195, 'ST', 'Santo Tomé y Príncipe');
INSERT INTO pais (idpais, abreviatura, nombre) VALUES (196, 'SN', 'Senegal');
INSERT INTO pais (idpais, abreviatura, nombre) VALUES (197, 'CS', 'Serbia y Montenegro');
INSERT INTO pais (idpais, abreviatura, nombre) VALUES (198, 'SC', 'Seychelles');
INSERT INTO pais (idpais, abreviatura, nombre) VALUES (199, 'SL', 'Sierra Leona');
INSERT INTO pais (idpais, abreviatura, nombre) VALUES (200, 'SG', 'Singapur');
INSERT INTO pais (idpais, abreviatura, nombre) VALUES (201, 'SY', 'Siria');
INSERT INTO pais (idpais, abreviatura, nombre) VALUES (202, 'SO', 'Somalia');
INSERT INTO pais (idpais, abreviatura, nombre) VALUES (203, 'LK', 'Sri Lanka');
INSERT INTO pais (idpais, abreviatura, nombre) VALUES (204, 'SZ', 'Suazilandia');
INSERT INTO pais (idpais, abreviatura, nombre) VALUES (205, 'ZA', 'Sudáfrica');
INSERT INTO pais (idpais, abreviatura, nombre) VALUES (206, 'SD', 'Sudán');
INSERT INTO pais (idpais, abreviatura, nombre) VALUES (207, 'SE', 'Suecia');
INSERT INTO pais (idpais, abreviatura, nombre) VALUES (208, 'CH', 'Suiza');
INSERT INTO pais (idpais, abreviatura, nombre) VALUES (209, 'SR', 'Surinam');
INSERT INTO pais (idpais, abreviatura, nombre) VALUES (210, 'SJ', 'Svalbard y Jan Mayen');
INSERT INTO pais (idpais, abreviatura, nombre) VALUES (211, 'TH', 'Tailandia');
INSERT INTO pais (idpais, abreviatura, nombre) VALUES (212, 'TW', 'Taiwán');
INSERT INTO pais (idpais, abreviatura, nombre) VALUES (213, 'TZ', 'Tanzania');
INSERT INTO pais (idpais, abreviatura, nombre) VALUES (214, 'TJ', 'Tayikistán');
INSERT INTO pais (idpais, abreviatura, nombre) VALUES (215, 'IO', 'Territorio Británico del Océano Índico');
INSERT INTO pais (idpais, abreviatura, nombre) VALUES (216, 'TF', 'Territorios Australes Franceses');
INSERT INTO pais (idpais, abreviatura, nombre) VALUES (217, 'TL', 'Timor Oriental');
INSERT INTO pais (idpais, abreviatura, nombre) VALUES (218, 'TG', 'Togo');
INSERT INTO pais (idpais, abreviatura, nombre) VALUES (219, 'TK', 'Tokelau');
INSERT INTO pais (idpais, abreviatura, nombre) VALUES (220, 'TO', 'Tonga');
INSERT INTO pais (idpais, abreviatura, nombre) VALUES (221, 'TT', 'Trinidad y Tobago');
INSERT INTO pais (idpais, abreviatura, nombre) VALUES (222, 'TN', 'Túnez');
INSERT INTO pais (idpais, abreviatura, nombre) VALUES (223, 'TC', 'Islas Turcas y Caicos');
INSERT INTO pais (idpais, abreviatura, nombre) VALUES (224, 'TM', 'Turkmenistán');
INSERT INTO pais (idpais, abreviatura, nombre) VALUES (225, 'TR', 'Turquía');
INSERT INTO pais (idpais, abreviatura, nombre) VALUES (226, 'TV', 'Tuvalu');
INSERT INTO pais (idpais, abreviatura, nombre) VALUES (227, 'UA', 'Ucrania');
INSERT INTO pais (idpais, abreviatura, nombre) VALUES (228, 'UG', 'Uganda');
INSERT INTO pais (idpais, abreviatura, nombre) VALUES (229, 'UY', 'Uruguay');
INSERT INTO pais (idpais, abreviatura, nombre) VALUES (230, 'UZ', 'Uzbekistán');
INSERT INTO pais (idpais, abreviatura, nombre) VALUES (231, 'VU', 'Vanuatu');
INSERT INTO pais (idpais, abreviatura, nombre) VALUES (232, 'VE', 'Venezuela');
INSERT INTO pais (idpais, abreviatura, nombre) VALUES (233, 'VN', 'Vietnam');
INSERT INTO pais (idpais, abreviatura, nombre) VALUES (234, 'VG', 'Islas Vírgenes Británicas');
INSERT INTO pais (idpais, abreviatura, nombre) VALUES (235, 'VI', 'Islas Vírgenes de los Estados Unidos');
INSERT INTO pais (idpais, abreviatura, nombre) VALUES (236, 'WF', 'Wallis y Futuna');
INSERT INTO pais (idpais, abreviatura, nombre) VALUES (237, 'YE', 'Yemen');
INSERT INTO pais (idpais, abreviatura, nombre) VALUES (238, 'DJ', 'Yibuti');
INSERT INTO pais (idpais, abreviatura, nombre) VALUES (239, 'ZM', 'Zambia');
INSERT INTO pais (idpais, abreviatura, nombre) VALUES (240, 'ZW', 'Zimbabue');


----	INSERT usuario	----
INSERT INTO usuario (idusuario, nombre, fechanacimiento, contrasena, correo, publicorreo, telefono, publitel, fotoartista, idpais, idrol) VALUES (1, 'Jhoan', '2017-07-11 00:00:00', '1234', 'jhoan@gmail.com', TRUE,'555-5555', TRUE, 'imagen', 23, 1);

----	INSERT tipo_soporte	----
INSERT INTO tipo_soporte (idtiposoporte, descripcion) VALUES (1, 'IMAGEN');
INSERT INTO tipo_soporte (idtiposoporte, descripcion) VALUES (2, 'VIDEO');
INSERT INTO tipo_soporte (idtiposoporte, descripcion) VALUES (3, 'AUDIO');

----	INSERT ruta	----
INSERT INTO ruta (idruta, nombreruta, imagenruta, descruta, fechacreacion, fechaaprobacion, visitas, votosmegusta, votosnomegusta, idusuario, idestado) VALUES (1, 'Por la quinta voy pasando', 'no hay foto', 'ruta', '2017-07-11 00:00:00', '2017-07-11 00:00:00', 0, 0, 0, 1, 1);


----	INSERT obra	----
INSERT INTO obra (idobra, nombre, longitud, latitud, direccion, autor, fechacreacion, visitas, idexpresionartistica) VALUES (1, 'univalle', 3.371159, -76.536538, 'Universidad del valle', 'Anonimo', '2017-07-11 00:00:00', 0, 3);
INSERT INTO obra (idobra, nombre, longitud, latitud, direccion, autor, fechacreacion, visitas, idexpresionartistica) VALUES (2, 'unisantiago', 3.403069, -76.546840, 'Universidad santiago de cali', 'Anonimo', '2017-07-11 00:00:00', 0, 3);
INSERT INTO obra (idobra, nombre, longitud, latitud, direccion, autor, fechacreacion, visitas, idexpresionartistica) VALUES (3, 'texaco', 3.412601, -76.547773, 'Bomba Texaco frente a la plaza de toros', 'Anonimo', '2017-07-11 00:00:00', 0, 3);
INSERT INTO obra (idobra, nombre, longitud, latitud, direccion, autor, fechacreacion, visitas, idexpresionartistica) VALUES (4, 'parqueBanderas', 3.431621, -76.542795, 'Parque de las banderas', 'Anonimo', '2017-07-11 00:00:00', 0, 3);
INSERT INTO obra (idobra, nombre, longitud, latitud, direccion, autor, fechacreacion, visitas, idexpresionartistica) VALUES (5, 'comfenalco', 3.4474825, -76.536690, 'Comfenalco', 'Anonimo', '2017-07-11 00:00:00', 0, 3);
INSERT INTO obra (idobra, nombre, longitud, latitud, direccion, autor, fechacreacion, visitas, idexpresionartistica) VALUES (6, 'cam', 3.454604, -76.533815, 'Centro Administrativo Municipal', 'Anonimo', '2017-07-11 00:00:00', 0, 3);

----	INSERT ruta_obra	----
INSERT INTO ruta_obra  (idrutaobra, idruta, idobra) VALUES (1, 1, 1);
INSERT INTO ruta_obra  (idrutaobra, idruta, idobra) VALUES (2, 1, 2);
INSERT INTO ruta_obra  (idrutaobra, idruta, idobra) VALUES (3, 1, 3);
INSERT INTO ruta_obra  (idrutaobra, idruta, idobra) VALUES (4, 1, 4);
INSERT INTO ruta_obra  (idrutaobra, idruta, idobra) VALUES (5, 1, 5);
INSERT INTO ruta_obra  (idrutaobra, idruta, idobra) VALUES (6, 1, 6);

----	INSERT capa	----
INSERT INTO capa (idcapa, nombrecapa, descripcioncapa, iconocapa) VALUES (1, 'Seguridad', 'Capa de seguridad de la ciudad de cali', '../resources/puntoRiesgo.png');

----	INSERT lugar	----
INSERT INTO lugar (idlugar, nombrelugar, desclugar, longitud, latitud, megustavotos, nomegustavotos, visitas) VALUES (1, 'Petecuy', 'Ciudad', 3.47853, -76.48622, 0, 0, 0);
INSERT INTO lugar (idlugar, nombrelugar, desclugar, longitud, latitud, megustavotos, nomegustavotos, visitas) VALUES (2, 'Comuna 2', 'Ciudad', 3.48686, -76.50750, 0, 0, 0);
INSERT INTO lugar (idlugar, nombrelugar, desclugar, longitud, latitud, megustavotos, nomegustavotos, visitas) VALUES (3, 'Comuna 3', 'Ciudad', 3.44599, -76.53616, 0, 0, 0);
INSERT INTO lugar (idlugar, nombrelugar, desclugar, longitud, latitud, megustavotos, nomegustavotos, visitas) VALUES (4, 'Comuna 4', 'Ciudad', 3.46995, -76.51097, 0, 0, 0);
INSERT INTO lugar (idlugar, nombrelugar, desclugar, longitud, latitud, megustavotos, nomegustavotos, visitas) VALUES (5, 'Comuna 8', 'Ciudad', 3.44349, -76.51605, 0, 0, 0);
INSERT INTO lugar (idlugar, nombrelugar, desclugar, longitud, latitud, megustavotos, nomegustavotos, visitas) VALUES (6, 'Calvario', 'Ciudad', 3.44662, -76.52724, 0, 0, 0);
INSERT INTO lugar (idlugar, nombrelugar, desclugar, longitud, latitud, megustavotos, nomegustavotos, visitas) VALUES (7, 'Potrero Grande', 'Ciudad', 3.40890, -76.46964, 0, 0, 0);
INSERT INTO lugar (idlugar, nombrelugar, desclugar, longitud, latitud, megustavotos, nomegustavotos, visitas) VALUES (8, 'Manuel Beltrán', 'Ciudad', 3.42126, -76.47254, 0, 0, 0);
INSERT INTO lugar (idlugar, nombrelugar, desclugar, longitud, latitud, megustavotos, nomegustavotos, visitas) VALUES (9, 'Marroquín Etapa 2', 'Ciudad', 3.42746, -76.47962, 0, 0, 0);
INSERT INTO lugar (idlugar, nombrelugar, desclugar, longitud, latitud, megustavotos, nomegustavotos, visitas) VALUES (10, 'Mojica', 'Ciudad', 3.41494, -76.49125, 0, 0, 0);
INSERT INTO lugar (idlugar, nombrelugar, desclugar, longitud, latitud, megustavotos, nomegustavotos, visitas) VALUES (11, 'El Retiro', 'Ciudad', 3.41197, -76.49513, 0, 0, 0);
INSERT INTO lugar (idlugar, nombrelugar, desclugar, longitud, latitud, megustavotos, nomegustavotos, visitas) VALUES (12, 'El Vergel', 'Ciudad', 3.40873, -76.50131, 0, 0, 0);
INSERT INTO lugar (idlugar, nombrelugar, desclugar, longitud, latitud, megustavotos, nomegustavotos, visitas) VALUES (13, 'Mariano Ramos', 'Ciudad', 3.40399, -76.51776, 0, 0, 0);
INSERT INTO lugar (idlugar, nombrelugar, desclugar, longitud, latitud, megustavotos, nomegustavotos, visitas) VALUES (14, 'Comuna 17', 'Ciudad', 3.39485, -76.53149, 0, 0, 0);
INSERT INTO lugar (idlugar, nombrelugar, desclugar, longitud, latitud, megustavotos, nomegustavotos, visitas) VALUES (15, 'Comuna 10', 'Ciudad', 3.41557, -76.52933, 0, 0, 0);
INSERT INTO lugar (idlugar, nombrelugar, desclugar, longitud, latitud, megustavotos, nomegustavotos, visitas) VALUES (16, 'Comuna 19', 'Ciudad', 3.41097, -76.54650, 0, 0, 0);
INSERT INTO lugar (idlugar, nombrelugar, desclugar, longitud, latitud, megustavotos, nomegustavotos, visitas) VALUES (17, 'Siloé', 'Ciudad', 3.42298, -76.55684, 0, 0, 0);

----	INSERT capa_lugar	----
INSERT INTO capa_lugar (idcapalugar, idcapa, idlugar) VALUES (1, 1, 1);
INSERT INTO capa_lugar (idcapalugar, idcapa, idlugar) VALUES (2, 1, 2);
INSERT INTO capa_lugar (idcapalugar, idcapa, idlugar) VALUES (3, 1, 3);
INSERT INTO capa_lugar (idcapalugar, idcapa, idlugar) VALUES (4, 1, 4);
INSERT INTO capa_lugar (idcapalugar, idcapa, idlugar) VALUES (5, 1, 5);
INSERT INTO capa_lugar (idcapalugar, idcapa, idlugar) VALUES (6, 1, 6);
INSERT INTO capa_lugar (idcapalugar, idcapa, idlugar) VALUES (7, 1, 7);
INSERT INTO capa_lugar (idcapalugar, idcapa, idlugar) VALUES (8, 1, 8);
INSERT INTO capa_lugar (idcapalugar, idcapa, idlugar) VALUES (9, 1, 9);
INSERT INTO capa_lugar (idcapalugar, idcapa, idlugar) VALUES (10, 1, 10);
INSERT INTO capa_lugar (idcapalugar, idcapa, idlugar) VALUES (11, 1, 11);
INSERT INTO capa_lugar (idcapalugar, idcapa, idlugar) VALUES (12, 1, 12);
INSERT INTO capa_lugar (idcapalugar, idcapa, idlugar) VALUES (13, 1, 13);
INSERT INTO capa_lugar (idcapalugar, idcapa, idlugar) VALUES (14, 1, 14);
INSERT INTO capa_lugar (idcapalugar, idcapa, idlugar) VALUES (15, 1, 15);
INSERT INTO capa_lugar (idcapalugar, idcapa, idlugar) VALUES (16, 1, 16);
INSERT INTO capa_lugar (idcapalugar, idcapa, idlugar) VALUES (17, 1, 17);
